class,feature,real_mean,synthetic_mean,difference
BPSK,amplitude_mean,0.0078125,0.7342447638511658,0.7264322638511658
BPSK,amplitude_variance,1.3673063222086057e-05,0.31879863142967224,0.31878495836645016
BPSK,amplitude_kurtosis,-0.10836416482925415,-0.40952277183532715,-0.301158607006073
BPSK,amplitude_peak_to_average_ratio,4.003645420074463,5.114010334014893,1.1103649139404297
BPSK,phase_variance,2.936387777328491,3.6199162006378174,0.6835284233093262
BPSK,phase_difference_mean,0.09262114018201828,0.006452803034335375,-0.0861683371476829
BPSK,phase_difference_variance,1.5015747547149658,2.288142204284668,0.7865674495697021
BPSK,phase_difference_kurtosis,3.154555082321167,-0.231643944978714,-3.386199027299881
BPSK,phase_hist_bin_0,0.0936874970793724,0.16353124380111694,0.06984374672174454
BPSK,phase_hist_bin_1,0.10446874797344208,0.08759374916553497,-0.016874998807907104
BPSK,phase_hist_bin_2,0.17726562917232513,0.08701562136411667,-0.09025000780820847
BPSK,phase_hist_bin_3,0.12306249886751175,0.16309374570846558,0.04003124684095383
BPSK,phase_hist_bin_4,0.09392187744379044,0.162109375,0.06818749755620956
BPSK,phase_hist_bin_5,0.10798437148332596,0.08801562339067459,-0.019968748092651367
BPSK,phase_hist_bin_6,0.1743749976158142,0.08565624803304672,-0.08871874958276749
BPSK,phase_hist_bin_7,0.12523438036441803,0.16298437118530273,0.037749990820884705
BPSK,instantaneous_frequency_mean,0.09262114018201828,0.006452803034335375,-0.0861683371476829
BPSK,instantaneous_frequency_variance,1.5015747547149658,2.288142204284668,0.7865674495697021
BPSK,c40_real,0.05368673801422119,-0.18016670644283295,-0.23385344445705414
BPSK,c40_imag,-0.1508006751537323,-0.016596268862485886,0.13420440629124641
BPSK,c40_magnitude,0.9677630662918091,0.3543015122413635,-0.6134615540504456
BPSK,autocorr_lag_1_real,0.5554895997047424,0.4917465150356293,-0.06374308466911316
BPSK,autocorr_lag_1_imag,0.02142116241157055,0.001618703012354672,-0.019802459399215877
BPSK,autocorr_lag_1_magnitude,0.5764284729957581,0.510757565498352,-0.065670907497406
BPSK,autocorr_lag_2_real,0.4933980405330658,0.45338618755340576,-0.040011852979660034
BPSK,autocorr_lag_2_imag,0.040893685072660446,-0.0014716737205162644,-0.04236535879317671
BPSK,autocorr_lag_2_magnitude,0.5229402780532837,0.4735904633998871,-0.049349814653396606
BPSK,autocorr_lag_4_real,0.337253212928772,0.32111379504203796,-0.01613941788673401
BPSK,autocorr_lag_4_imag,0.06987656652927399,-0.0027211615815758705,-0.07259772811084986
BPSK,autocorr_lag_4_magnitude,0.3760052025318146,0.3469385802745819,-0.029066622257232666
BPSK,autocorr_lag_8_real,-0.007745969574898481,0.0015946121420711279,0.00934058171696961
BPSK,autocorr_lag_8_imag,0.04938700795173645,-0.0006256378837861121,-0.05001264583552256
BPSK,autocorr_lag_8_magnitude,0.15946786105632782,0.174749493598938,0.015281632542610168
BPSK,autocorr_lag_16_real,-0.0038443950470536947,-0.012171843089163303,-0.008327448042109609
BPSK,autocorr_lag_16_imag,-0.01698773354291916,0.00045789277646690607,0.017445626319386065
BPSK,autocorr_lag_16_magnitude,0.15019285678863525,0.17286507785320282,0.022672221064567566
QPSK,amplitude_mean,0.0078125,0.7354645729064941,0.7276520729064941
QPSK,amplitude_variance,1.0896390449488536e-05,0.31642207503318787,0.3164111786427384
QPSK,amplitude_kurtosis,0.46017181873321533,-0.51158607006073,-0.9717578887939453
QPSK,amplitude_peak_to_average_ratio,3.8482155799865723,4.893772125244141,1.0455565452575684
QPSK,phase_variance,3.182222843170166,3.2166748046875,0.034451961517333984
QPSK,phase_difference_mean,0.03239348158240318,0.0010277123656123877,-0.031365769216790795
QPSK,phase_difference_variance,1.43902587890625,2.2252566814422607,0.7862308025360107
QPSK,phase_difference_kurtosis,6.262354850769043,-0.161163330078125,-6.423518180847168
QPSK,phase_hist_bin_0,0.12118750065565109,0.12690624594688416,0.005718745291233063
QPSK,phase_hist_bin_1,0.12728124856948853,0.12737500667572021,9.375810623168945e-05
QPSK,phase_hist_bin_2,0.12059374898672104,0.12404687702655792,0.0034531280398368835
QPSK,phase_hist_bin_3,0.1295468807220459,0.1217968761920929,-0.007750004529953003
QPSK,phase_hist_bin_4,0.11564062535762787,0.1242968738079071,0.008656248450279236
QPSK,phase_hist_bin_5,0.1320781260728836,0.12285937368869781,-0.009218752384185791
QPSK,phase_hist_bin_6,0.1203906238079071,0.12603124976158142,0.005640625953674316
QPSK,phase_hist_bin_7,0.13328124582767487,0.12668749690055847,-0.006593748927116394
QPSK,instantaneous_frequency_mean,0.03239348158240318,0.0010277123656123877,-0.031365769216790795
QPSK,instantaneous_frequency_variance,1.43902587890625,2.2252566814422607,0.7862308025360107
QPSK,c40_real,-0.05580170080065727,-0.5494486093521118,-0.49364690855145454
QPSK,c40_imag,-0.06668151915073395,0.025065887719392776,0.09174740687012672
QPSK,c40_magnitude,0.5079743266105652,0.7324150204658508,0.22444069385528564
QPSK,autocorr_lag_1_real,0.554965078830719,0.48818081617355347,-0.06678426265716553
QPSK,autocorr_lag_1_imag,0.02201838791370392,0.0021438621915876865,-0.019874525722116232
QPSK,autocorr_lag_1_magnitude,0.5744053721427917,0.5093885660171509,-0.06501680612564087
QPSK,autocorr_lag_2_real,0.49619555473327637,0.4533594250679016,-0.042836129665374756
QPSK,autocorr_lag_2_imag,0.04021324962377548,0.006654565222561359,-0.03355868440121412
QPSK,autocorr_lag_2_magnitude,0.5282837152481079,0.47553756833076477,-0.05274614691734314
QPSK,autocorr_lag_4_real,0.34279581904411316,0.31599000096321106,-0.0268058180809021
QPSK,autocorr_lag_4_imag,0.06585338711738586,0.009962455369532108,-0.055890931747853756
QPSK,autocorr_lag_4_magnitude,0.38868603110313416,0.35328009724617004,-0.03540593385696411
QPSK,autocorr_lag_8_real,0.006535067223012447,-0.003341925796121359,-0.009876993019133806
QPSK,autocorr_lag_8_imag,0.04334719851613045,0.013690446503460407,-0.02965675201267004
QPSK,autocorr_lag_8_magnitude,0.16016076505184174,0.18953953683376312,0.029378771781921387
QPSK,autocorr_lag_16_real,0.005969988647848368,0.002289795782417059,-0.0036801928654313087
QPSK,autocorr_lag_16_imag,-0.012457401491701603,0.001068822224624455,0.013526223716326058
QPSK,autocorr_lag_16_magnitude,0.16077323257923126,0.18304607272148132,0.02227284014225006
8PSK,amplitude_mean,0.0078125,0.7375710010528564,0.7297585010528564
8PSK,amplitude_variance,1.0738921446318273e-05,0.31828153133392334,0.318270792412477
8PSK,amplitude_kurtosis,0.3025675117969513,-0.538917601108551,-0.8414851129055023
8PSK,amplitude_peak_to_average_ratio,3.8433632850646973,4.831875324249268,0.9885120391845703
8PSK,phase_variance,3.221470355987549,3.209482431411743,-0.011987924575805664
8PSK,phase_difference_mean,0.016240591183304787,-0.003915094770491123,-0.02015568595379591
8PSK,phase_difference_variance,1.49833083152771,2.1978628635406494,0.6995320320129395
8PSK,phase_difference_kurtosis,5.2520928382873535,-0.13261431455612183,-5.384707152843475
8PSK,phase_hist_bin_0,0.1294843703508377,0.12401562184095383,-0.005468748509883881
8PSK,phase_hist_bin_1,0.12562499940395355,0.12731249630451202,0.0016874969005584717
8PSK,phase_hist_bin_2,0.12337499856948853,0.12532812356948853,0.001953125
8PSK,phase_hist_bin_3,0.12406250089406967,0.12528124451637268,0.001218743622303009
8PSK,phase_hist_bin_4,0.12070312350988388,0.12349999696016312,0.002796873450279236
8PSK,phase_hist_bin_5,0.12748438119888306,0.12684375047683716,-0.0006406307220458984
8PSK,phase_hist_bin_6,0.12487500160932541,0.12520311772823334,0.00032811611890792847
8PSK,phase_hist_bin_7,0.1243906244635582,0.12251562625169754,-0.0018749982118606567
8PSK,instantaneous_frequency_mean,0.016240591183304787,-0.003915094770491123,-0.02015568595379591
8PSK,instantaneous_frequency_variance,1.49833083152771,2.1978628635406494,0.6995320320129395
8PSK,c40_real,0.004736587405204773,0.019105300307273865,0.014368712902069092
8PSK,c40_imag,-0.00945333857089281,0.006513445172458887,0.015966783743351698
8PSK,c40_magnitude,0.30586662888526917,0.4483881890773773,0.14252156019210815
8PSK,autocorr_lag_1_real,0.5360822081565857,0.4922351539134979,-0.04384705424308777
8PSK,autocorr_lag_1_imag,0.019838480278849602,-0.0005996436811983585,-0.02043812396004796
8PSK,autocorr_lag_1_magnitude,0.5618582367897034,0.5115216970443726,-0.05033653974533081
8PSK,autocorr_lag_2_real,0.4947127103805542,0.4515102505683899,-0.04320245981216431
8PSK,autocorr_lag_2_imag,0.047379832714796066,-0.004019203130155802,-0.05139903584495187
8PSK,autocorr_lag_2_magnitude,0.5213046073913574,0.4755537509918213,-0.04575085639953613
8PSK,autocorr_lag_4_real,0.33890798687934875,0.32131922245025635,-0.017588764429092407
8PSK,autocorr_lag_4_imag,0.07494956254959106,-0.003295125439763069,-0.07824468798935413
8PSK,autocorr_lag_4_magnitude,0.38397741317749023,0.3587992489337921,-0.02517816424369812
8PSK,autocorr_lag_8_real,-0.006822285708039999,0.006586446892470121,0.01340873260051012
8PSK,autocorr_lag_8_imag,0.053194597363471985,-0.004964208230376244,-0.05815880559384823
8PSK,autocorr_lag_8_magnitude,0.1691274791955948,0.19180338084697723,0.022675901651382446
8PSK,autocorr_lag_16_real,0.0015930153895169497,0.014196722768247128,0.012603707378730178
8PSK,autocorr_lag_16_imag,-0.009127277880907059,-0.0025132112205028534,0.006614066660404205
8PSK,autocorr_lag_16_magnitude,0.1560455560684204,0.19369706511497498,0.037651509046554565
QAM16,amplitude_mean,0.0078125,0.7290612459182739,0.7212487459182739
QAM16,amplitude_variance,1.2971131582162343e-05,0.31466177105903625,0.3146487999274541
QAM16,amplitude_kurtosis,-0.2975665330886841,-0.26185187697410583,0.03571465611457825
QAM16,amplitude_peak_to_average_ratio,4.025699615478516,5.425121307373047,1.3994216918945312
QAM16,phase_variance,3.174612522125244,3.1863515377044678,0.011739015579223633
QAM16,phase_difference_mean,0.028309833258390427,0.0024342674296349287,-0.025875565828755498
QAM16,phase_difference_variance,1.2438174486160278,2.250669002532959,1.0068515539169312
QAM16,phase_difference_kurtosis,7.044456481933594,-0.19062210619449615,-7.23507858812809
QAM16,phase_hist_bin_0,0.12215624749660492,0.12678125500679016,0.004625007510185242
QAM16,phase_hist_bin_1,0.12306249886751175,0.1250312477350235,0.0019687488675117493
QAM16,phase_hist_bin_2,0.12457812577486038,0.12465625256299973,7.812678813934326e-05
QAM16,phase_hist_bin_3,0.12514062225818634,0.12125000357627869,-0.003890618681907654
QAM16,phase_hist_bin_4,0.11821874976158142,0.13112500309944153,0.012906253337860107
QAM16,phase_hist_bin_5,0.1326562464237213,0.12659375369548798,-0.006062492728233337
QAM16,phase_hist_bin_6,0.1237812489271164,0.12349999696016312,-0.0002812519669532776
QAM16,phase_hist_bin_7,0.1304062455892563,0.1210625022649765,-0.009343743324279785
QAM16,instantaneous_frequency_mean,0.028309833258390427,0.0024342674296349287,-0.025875565828755498
QAM16,instantaneous_frequency_variance,1.2438174486160278,2.250669002532959,1.0068515539169312
QAM16,c40_real,-0.06717726588249207,-0.34876543283462524,-0.2815881669521332
QAM16,c40_imag,-0.05493917316198349,0.029613154008984566,0.08455232717096806
QAM16,c40_magnitude,0.48320066928863525,0.6082096099853516,0.1250089406967163
QAM16,autocorr_lag_1_real,0.6303282976150513,0.48922500014305115,-0.14110329747200012
QAM16,autocorr_lag_1_imag,0.02685181424021721,0.0010908368276432157,-0.025760977412573993
QAM16,autocorr_lag_1_magnitude,0.6418894529342651,0.5071893334388733,-0.13470011949539185
QAM16,autocorr_lag_2_real,0.570909321308136,0.452070027589798,-0.11883929371833801
QAM16,autocorr_lag_2_imag,0.04572690650820732,0.001551792025566101,-0.04417511448264122
QAM16,autocorr_lag_2_magnitude,0.5910815596580505,0.47435450553894043,-0.11672705411911011
QAM16,autocorr_lag_4_real,0.39433905482292175,0.3176325857639313,-0.07670646905899048
QAM16,autocorr_lag_4_imag,0.07239279896020889,0.007433295249938965,-0.06495950371026993
QAM16,autocorr_lag_4_magnitude,0.4352833926677704,0.35154736042022705,-0.08373603224754333
QAM16,autocorr_lag_8_real,0.00810870248824358,0.0015405400190502405,-0.006568162469193339
QAM16,autocorr_lag_8_imag,0.05312519147992134,-0.0014298617606982589,-0.0545550532406196
QAM16,autocorr_lag_8_magnitude,0.18014907836914062,0.18160919845104218,0.0014601200819015503
QAM16,autocorr_lag_16_real,-0.00166690640617162,0.009811590425670147,0.011478496831841767
QAM16,autocorr_lag_16_imag,-0.008866843767464161,-0.009154029190540314,-0.0002871854230761528
QAM16,autocorr_lag_16_magnitude,0.18103525042533875,0.17735591530799866,-0.003679335117340088
QAM64,amplitude_mean,0.0078125,0.7242879867553711,0.7164754867553711
QAM64,amplitude_variance,1.3340162695385516e-05,0.3095269799232483,0.3095136397605529
QAM64,amplitude_kurtosis,-0.31661340594291687,-0.22009985148906708,0.09651355445384979
QAM64,amplitude_peak_to_average_ratio,3.9631848335266113,5.536660194396973,1.5734753608703613
QAM64,phase_variance,3.196467876434326,3.221306562423706,0.024838685989379883
QAM64,phase_difference_mean,0.03356810659170151,-0.0007737083360552788,-0.034341814927756786
QAM64,phase_difference_variance,1.0296149253845215,2.242492914199829,1.2128779888153076
QAM64,phase_difference_kurtosis,7.171462535858154,-0.19703516364097595,-7.36849769949913
QAM64,phase_hist_bin_0,0.12389062345027924,0.12540625035762787,0.0015156269073486328
QAM64,phase_hist_bin_1,0.1276250034570694,0.12470312416553497,-0.002921879291534424
QAM64,phase_hist_bin_2,0.11962500214576721,0.12414062768220901,0.004515625536441803
QAM64,phase_hist_bin_3,0.13301561772823334,0.12592187523841858,-0.007093742489814758
QAM64,phase_hist_bin_4,0.12064062803983688,0.1249687522649765,0.004328124225139618
QAM64,phase_hist_bin_5,0.12639062106609344,0.12357812374830246,-0.002812497317790985
QAM64,phase_hist_bin_6,0.11900000274181366,0.12648437917232513,0.007484376430511475
QAM64,phase_hist_bin_7,0.12981249392032623,0.12479687482118607,-0.005015619099140167
QAM64,instantaneous_frequency_mean,0.03356810659170151,-0.0007737083360552788,-0.034341814927756786
QAM64,instantaneous_frequency_variance,1.0296149253845215,2.242492914199829,1.2128779888153076
QAM64,c40_real,-0.045730337500572205,-0.30299851298332214,-0.25726817548274994
QAM64,c40_imag,-0.11383462697267532,-0.032876983284950256,0.08095764368772507
QAM64,c40_magnitude,0.4831848740577698,0.6422412395477295,0.15905636548995972
QAM64,autocorr_lag_1_real,0.6993138194084167,0.4896527826786041,-0.20966103672981262
QAM64,autocorr_lag_1_imag,0.02686825580894947,-0.001107752788811922,-0.027976008597761393
QAM64,autocorr_lag_1_magnitude,0.7116132378578186,0.508152186870575,-0.20346105098724365
QAM64,autocorr_lag_2_real,0.633511483669281,0.452501118183136,-0.18101036548614502
QAM64,autocorr_lag_2_imag,0.05124266445636749,4.661989078158513e-05,-0.05119604456558591
QAM64,autocorr_lag_2_magnitude,0.6520599722862244,0.4760547876358032,-0.17600518465042114
QAM64,autocorr_lag_4_real,0.4374667704105377,0.3143427073955536,-0.12312406301498413
QAM64,autocorr_lag_4_imag,0.08017482608556747,-0.0070034172385931015,-0.08717824332416058
QAM64,autocorr_lag_4_magnitude,0.47137194871902466,0.35097870230674744,-0.12039324641227722
QAM64,autocorr_lag_8_real,-0.001214560936205089,-0.010295223444700241,-0.009080662508495152
QAM64,autocorr_lag_8_imag,0.05266813561320305,-0.0036256813909858465,-0.056293817004188895
QAM64,autocorr_lag_8_magnitude,0.18928810954093933,0.18691155314445496,-0.002376556396484375
QAM64,autocorr_lag_16_real,-0.0016889713006094098,-0.005008732434362173,-0.0033197611337527633
QAM64,autocorr_lag_16_imag,-0.00908964965492487,0.007924540899693966,0.017014190554618835
QAM64,autocorr_lag_16_magnitude,0.18142957985401154,0.18745046854019165,0.006020888686180115
