configuration,snr,accuracy,macro_f1
Real Only,-20,0.20933333333333334,0.1279343275081944
Real Only,-18,0.21333333333333335,0.14155418363452796
Real Only,-16,0.204,0.1278449045224938
Real Only,-14,0.248,0.2002729984895831
Real Only,-12,0.3,0.26589331991973697
Real Only,-10,0.32666666666666666,0.2982177531528403
Real Only,-8,0.3893333333333333,0.37435336038836003
Real Only,-6,0.5106666666666667,0.4938547669230905
Real Only,-4,0.664,0.6518001370594555
Real Only,-2,0.7893333333333333,0.7888792803117848
Real Only,0,0.864,0.8632107417323145
Real Only,2,0.896,0.8953632785228753
Real Only,4,0.9,0.8984228077496146
Real Only,6,0.8986666666666666,0.8971312660495027
Real Only,8,0.9026666666666666,0.9006764557507981
Real Only,10,0.904,0.903013550903711
Real Only,12,0.8826666666666667,0.8808555837147546
Real Only,14,0.8866666666666667,0.8836147230240187
Real Only,16,0.896,0.8948165107630605
Real Only,18,0.8853333333333333,0.8829996590954007
Synthetic Only,-20,0.228,0.17415050532641355
Synthetic Only,-18,0.20266666666666666,0.12935169163030186
Synthetic Only,-16,0.16133333333333333,0.09195780979576137
Synthetic Only,-14,0.16,0.08832939942302649
Synthetic Only,-12,0.16666666666666666,0.08900941281936352
Synthetic Only,-10,0.17866666666666667,0.09388479388479389
Synthetic Only,-8,0.156,0.08254464780920688
Synthetic Only,-6,0.06266666666666666,0.03575667967682487
Synthetic Only,-4,0.04,0.049904371464205004
Synthetic Only,-2,0.25066666666666665,0.250853220656012
Synthetic Only,0,0.37066666666666664,0.318645650495604
Synthetic Only,2,0.4093333333333333,0.33814795190008295
Synthetic Only,4,0.4,0.3333096241202633
Synthetic Only,6,0.428,0.367102590400547
Synthetic Only,8,0.4026666666666667,0.3364971321846145
Synthetic Only,10,0.4106666666666667,0.3334199403569754
Synthetic Only,12,0.42,0.36379370526887833
Synthetic Only,14,0.4093333333333333,0.3457399960744249
Synthetic Only,16,0.42933333333333334,0.36380737582778444
Synthetic Only,18,0.43866666666666665,0.3769178698693859
Mixed 10pct,-20,0.10133333333333333,0.05577573229378696
Mixed 10pct,-18,0.12533333333333332,0.059860227797443356
Mixed 10pct,-16,0.208,0.10162349174200551
Mixed 10pct,-14,0.20133333333333334,0.10472361842921847
Mixed 10pct,-12,0.264,0.19656569109362776
Mixed 10pct,-10,0.3,0.25345717009960983
Mixed 10pct,-8,0.4026666666666667,0.3770283675189745
Mixed 10pct,-6,0.5026666666666667,0.474409858741614
Mixed 10pct,-4,0.6133333333333333,0.6018175259871663
Mixed 10pct,-2,0.692,0.6832270354224143
Mixed 10pct,0,0.7586666666666667,0.7434078486641382
Mixed 10pct,2,0.7866666666666666,0.7609406107567424
Mixed 10pct,4,0.8106666666666666,0.7870929814603441
Mixed 10pct,6,0.8133333333333334,0.7887264384118028
Mixed 10pct,8,0.8,0.7810049619310266
Mixed 10pct,10,0.792,0.7653682146723659
Mixed 10pct,12,0.7933333333333333,0.7703066727654916
Mixed 10pct,14,0.8053333333333333,0.7795356008812939
Mixed 10pct,16,0.7866666666666666,0.7554267922435862
Mixed 10pct,18,0.7973333333333333,0.770558872991613
Mixed 25pct,-20,0.18133333333333335,0.13034306195596518
Mixed 25pct,-18,0.20133333333333334,0.14791009372560043
Mixed 25pct,-16,0.19466666666666665,0.13487724358631106
Mixed 25pct,-14,0.20933333333333334,0.16251713643669408
Mixed 25pct,-12,0.25066666666666665,0.22747888502903266
Mixed 25pct,-10,0.31466666666666665,0.30423179720216126
Mixed 25pct,-8,0.42533333333333334,0.4272602756013436
Mixed 25pct,-6,0.5226666666666666,0.5104421927817618
Mixed 25pct,-4,0.5933333333333334,0.5912998178704888
Mixed 25pct,-2,0.7053333333333334,0.7036401583037727
Mixed 25pct,0,0.7453333333333333,0.7468110875849607
Mixed 25pct,2,0.7826666666666666,0.7798908585094161
Mixed 25pct,4,0.7746666666666666,0.7664967710866437
Mixed 25pct,6,0.788,0.7803673982490853
Mixed 25pct,8,0.7906666666666666,0.7849434478756848
Mixed 25pct,10,0.7786666666666666,0.7770633142414874
Mixed 25pct,12,0.7866666666666666,0.7823105598900632
Mixed 25pct,14,0.8106666666666666,0.8049272274711733
Mixed 25pct,16,0.764,0.757641434294253
Mixed 25pct,18,0.764,0.7599967539741632
Mixed 50pct,-20,0.184,0.12532095400034188
Mixed 50pct,-18,0.232,0.17572513627308148
Mixed 50pct,-16,0.29733333333333334,0.25545519383086895
Mixed 50pct,-14,0.412,0.33790583825842424
Mixed 50pct,-12,0.384,0.2896909881978159
Mixed 50pct,-10,0.2866666666666667,0.19691838787224647
Mixed 50pct,-8,0.232,0.1454998637180771
Mixed 50pct,-6,0.18,0.07232457217718824
Mixed 50pct,-4,0.164,0.06570230648856652
Mixed 50pct,-2,0.15866666666666668,0.06995508683260046
Mixed 50pct,0,0.22,0.19634072942316133
Mixed 50pct,2,0.3586666666666667,0.3266350539335379
Mixed 50pct,4,0.43066666666666664,0.397307918355438
Mixed 50pct,6,0.468,0.4237479185346483
Mixed 50pct,8,0.4746666666666667,0.43760703365216147
Mixed 50pct,10,0.4706666666666667,0.41950508637373646
Mixed 50pct,12,0.46,0.421270430074827
Mixed 50pct,14,0.4866666666666667,0.4422645376920217
Mixed 50pct,16,0.48533333333333334,0.4433831369386866
Mixed 50pct,18,0.48533333333333334,0.44790997922882125
Pretrain Finetune,-20,0.030666666666666665,0.025171305062550935
Pretrain Finetune,-18,0.10266666666666667,0.07018523847994226
Pretrain Finetune,-16,0.19466666666666665,0.10475405136904856
Pretrain Finetune,-14,0.22,0.14564153675930122
Pretrain Finetune,-12,0.27466666666666667,0.22054728503144633
Pretrain Finetune,-10,0.31733333333333336,0.2807410561060808
Pretrain Finetune,-8,0.38133333333333336,0.3456697652854564
Pretrain Finetune,-6,0.512,0.48169208169376426
Pretrain Finetune,-4,0.6506666666666666,0.6209564107770651
Pretrain Finetune,-2,0.7586666666666667,0.7553797133813971
Pretrain Finetune,0,0.8666666666666667,0.8656314447968129
Pretrain Finetune,2,0.916,0.9154404428490807
Pretrain Finetune,4,0.9213333333333333,0.9208040961564418
Pretrain Finetune,6,0.9173333333333333,0.916654496099684
Pretrain Finetune,8,0.9173333333333333,0.9167098730065352
Pretrain Finetune,10,0.9226666666666666,0.9222094808567055
Pretrain Finetune,12,0.9,0.898725346852314
Pretrain Finetune,14,0.9093333333333333,0.908476619251583
Pretrain Finetune,16,0.912,0.9103700319624751
Pretrain Finetune,18,0.9226666666666666,0.9220067221190386
Mixed 10pct Original,-20,0.17066666666666666,0.09096755878798243
Mixed 10pct Original,-18,0.18133333333333335,0.09732794019328982
Mixed 10pct Original,-16,0.19733333333333333,0.10574213331643609
Mixed 10pct Original,-14,0.20533333333333334,0.1159504240418151
Mixed 10pct Original,-12,0.28,0.23011179290355938
Mixed 10pct Original,-10,0.35733333333333334,0.33145338562905996
Mixed 10pct Original,-8,0.39466666666666667,0.3693522139078879
Mixed 10pct Original,-6,0.4026666666666667,0.343257903234505
Mixed 10pct Original,-4,0.42,0.37709037528426936
Mixed 10pct Original,-2,0.4786666666666667,0.4491547009442634
Mixed 10pct Original,0,0.5973333333333334,0.5458463303752212
Mixed 10pct Original,2,0.6293333333333333,0.5745274479684832
Mixed 10pct Original,4,0.644,0.5855130054123248
Mixed 10pct Original,6,0.6506666666666666,0.5945067778383726
Mixed 10pct Original,8,0.664,0.6069371701380654
Mixed 10pct Original,10,0.6413333333333333,0.5855099067971863
Mixed 10pct Original,12,0.6226666666666667,0.5648788661816297
Mixed 10pct Original,14,0.6586666666666666,0.600849028628662
Mixed 10pct Original,16,0.6573333333333333,0.5983874352182621
Mixed 10pct Original,18,0.656,0.5973366599358718
Mixed 10pct Calibrated,-20,0.32,0.21926374316482064
Mixed 10pct Calibrated,-18,0.284,0.19075337065041229
Mixed 10pct Calibrated,-16,0.19866666666666666,0.14176702913254235
Mixed 10pct Calibrated,-14,0.20266666666666666,0.1750440776486521
Mixed 10pct Calibrated,-12,0.272,0.25573075215450586
Mixed 10pct Calibrated,-10,0.35733333333333334,0.3446093643011113
Mixed 10pct Calibrated,-8,0.468,0.44963077482292657
Mixed 10pct Calibrated,-6,0.49466666666666664,0.45205972108657394
Mixed 10pct Calibrated,-4,0.532,0.5124545114976142
Mixed 10pct Calibrated,-2,0.6626666666666666,0.6645786667089159
Mixed 10pct Calibrated,0,0.7266666666666667,0.7295919880778496
Mixed 10pct Calibrated,2,0.7586666666666667,0.7534974627947708
Mixed 10pct Calibrated,4,0.7813333333333333,0.7700673138063272
Mixed 10pct Calibrated,6,0.788,0.7755329724306382
Mixed 10pct Calibrated,8,0.804,0.7959478898424541
Mixed 10pct Calibrated,10,0.7933333333333333,0.7869879810640302
Mixed 10pct Calibrated,12,0.7906666666666666,0.7821148230054497
Mixed 10pct Calibrated,14,0.816,0.804979462669215
Mixed 10pct Calibrated,16,0.7613333333333333,0.7505147163089447
Mixed 10pct Calibrated,18,0.78,0.7674618688813549
